<?xml version="1.0" encoding="UTF-8"?>
<metadata xml:lang="en"><Esri><CreaDate>20201112</CreaDate><CreaTime>13495600</CreaTime><ArcGISFormat>1.0</ArcGISFormat><SyncOnce>TRUE</SyncOnce><DataProperties><lineage><Process ToolSource="c:\program files (x86)\arcgis\desktop10.7\ArcToolbox\Toolboxes\Spatial Analyst Tools.tbx\ExtractMultiValuesToPoints" Date="20200813" Time="103639">ExtractMultiValuesToPoints locations "imperv500 imperv500;imperv1000 imperv1000;imperv2000 imperv2000" NONE</Process></lineage></DataProperties></Esri></metadata>
